,SS_01,SS_02,NSS_01,NSS_02
SS_01,,0.01144,0.01570,0.01450
SS_02,,,0.01215,0.01176
NSS_01,,,,0.00922
NSS_02,,,,
